Sulpharma Капитан Райчо Пловдив, ул. Капитан Райчо 50 , Пловдив, 24.7535755, 42.1418451,  - Работи с НЗОК и предлага инсулини и скъпоструващи лекарства <br /> - Кликни на sulpharma.bg и Вземи от избрана аптека <br /> - Може да се използва клубна карта Sulpharma 
Sulpharma Тракия Плаза Пловдив, ж.к. Тракия ул. Съединение 41 , Пловдив, 24.7950043, 42.1329318,  - Работи с НЗОК и предлага инсулини и скъпоструващи лекарства <br /> - Кликни на sulpharma.bg и Вземи от избрана аптека <br /> - Може да се използва клубна карта Sulpharma 
Sulpharma Новотел Пловдив, бул. Васил Левски 3 , Пловдив, 24.7439283, 42.1567652,  - Работи с НЗОК и предлага инсулини и скъпоструващи лекарства <br /> - Кликни на sulpharma.bg и Вземи от избрана аптека <br /> - Може да се използва клубна карта Sulpharma 
Sulpharma Слънчеви лъчи Пловдив, ул. Георги Икономов 2 , Пловдив, 24.7282538, 42.1237775,  - Работи с НЗОК и предлага инсулини и скъпоструващи лекарства <br /> - Кликни на sulpharma.bg и Вземи от избрана аптека <br /> - Може да се използва клубна карта Sulpharma 
Sulpharma Хелзинки София, ж.к. Лозенец ул. Димитър Хаджикоцев 6 , София, 23.3208748, 42.6775462,  - Работи с НЗОК и предлага инсулини и скъпоструващи лекарства <br /> - Кликни на sulpharma.bg и Вземи от избрана аптека <br /> - Може да се използва клубна карта Sulpharma 
Sulpharma Марица Пловдив, ул. Райко Даскалов 69 , Пловдив, 24.7466505, 42.152109,  - Работи с НЗОК и предлага инсулини и скъпоструващи лекарства <br /> - Кликни на sulpharma.bg и Вземи от избрана аптека <br /> - Може да се използва клубна карта Sulpharma 
Sulpharma Красно Село София, ж.к. Красно село бул. Гоце Делчев 3 , София, 23.2860129, 42.6779467,  - Работи с НЗОК и предлага инсулини и скъпоструващи лекарства <br /> - Кликни на sulpharma.bg и Вземи от избрана аптека <br /> - Може да се използва клубна карта Sulpharma 
Sulpharma Кричим София, ж.к. Лозенец ул. Кричим 2 , София, 23.3208976, 42.6706194,  - Работи с НЗОК и предлага инсулини и скъпоструващи лекарства <br /> - Кликни на sulpharma.bg и Вземи от избрана аптека <br /> - Може да се използва клубна карта Sulpharma 
Sulpharma Тетрикс София, жк Изгрев ул. Николай Хайтов 10 , София, 23.3529544, 42.6702335,  - Работи с НЗОК и предлага инсулини и скъпоструващи лекарства <br /> - Кликни на sulpharma.bg и Вземи от избрана аптека <br /> - Може да се използва клубна карта Sulpharma 
Sulpharma Нишава София, жк. Бели брези ул. Нишава 58 , София, 23.2924331, 42.6772546,  - Работи с НЗОК и предлага инсулини и скъпоструващи лекарства <br /> - Кликни на sulpharma.bg и Вземи от избрана аптека <br /> - Може да се използва клубна карта Sulpharma 
Sulpharma Младост 1 София, кв. Младост-1 ул. Никола Генадиев бл. 50А, София, 23.377764, 42.653017,  - Работи с НЗОК и предлага инсулини и скъпоструващи лекарства <br /> - Кликни на sulpharma.bg и Вземи от избрана аптека <br /> - Може да се използва клубна карта Sulpharma 
Sulpharma Костенски Водопад София, ж.к. Гоце Делчев ул. Костенски водопад 65 , София, 23.2978407, 42.6643607,  - Работи с НЗОК и предлага инсулини и скъпоструващи лекарства <br /> - Кликни на sulpharma.bg и Вземи от избрана аптека <br /> - Може да се използва клубна карта Sulpharma 
Sulpharma Бургас Център, ул. Фердинандова 5 , Бургас, 27.4715693, 42.4935739,  - Работи с НЗОК и предлага инсулини и скъпоструващи лекарства <br /> - Кликни на sulpharma.bg и Вземи от избрана аптека <br /> - Може да се използва клубна карта Sulpharma 
Sulpharma ФФ Кюстендил, бул. Цар Освободител 231 във Фантастико, Кюстендил, 22.7002878, 42.2836694,  - Работи с НЗОК и предлага инсулини и скъпоструващи лекарства <br /> - Кликни на sulpharma.bg и Вземи от избрана аптека <br /> - Може да се използва клубна карта Sulpharma 
Sulpharma Младост 4 София, Младост 4 ул. Александър Паскалев 5 до бл. 405 (до Фантастико), София, 23.377032, 42.6356264,  - Работи с НЗОК и предлага инсулини и скъпоструващи лекарства <br /> - Кликни на sulpharma.bg и Вземи от избрана аптека <br /> - Може да се използва клубна карта Sulpharma 
Sulpharma ФФ Надежда София, кв. Надежда 3 ул. Хан Кубрат до бл. 301 (във Фантастико), София, 23.2869954, 42.7302736,  - Работи с НЗОК и предлага инсулини и скъпоструващи лекарства <br /> - Кликни на sulpharma.bg и Вземи от избрана аптека <br /> - Може да се използва клубна карта Sulpharma 
Sulpharma Билкова Бургас, ул. Сан Стефано 60 , Бургас, 27.467073, 42.5024108,  - Работи с НЗОК и предлага инсулини и скъпоструващи лекарства <br /> - Кликни на sulpharma.bg и Вземи от избрана аптека <br /> - Може да се използва клубна карта Sulpharma 
Sulpharma Зорница Бургас, Зорница ж.к. Зорница бл.77, Бургас, 27.4664164, 42.5199737,  - Работи с НЗОК и предлага инсулини и скъпоструващи лекарства <br /> - Кликни на sulpharma.bg и Вземи от избрана аптека <br /> - Може да се използва клубна карта Sulpharma 
Sulpharma Петрич, ул Цар Борис III 22 , Петрич, 23.207275, 41.3948693,  - Работи с НЗОК и предлага инсулини и скъпоструващи лекарства <br /> - Кликни на sulpharma.bg и Вземи от избрана аптека <br /> - Може да се използва клубна карта Sulpharma 
Sulpharma Ст.Загора Център, бул. Цар Симеон Велики 72 , Стара Загора, 25.6202403, 42.4231266,  - Работи с НЗОК и предлага инсулини и скъпоструващи лекарства <br /> - Кликни на sulpharma.bg и Вземи от избрана аптека <br /> - Може да се използва клубна карта Sulpharma 
Sulpharma Сандански, ул. Македония 39 , Сандански, 23.27962, 41.564486,  - Работи с НЗОК и предлага инсулини и скъпоструващи лекарства <br /> - Кликни на sulpharma.bg и Вземи от избрана аптека <br /> - Може да се използва клубна карта Sulpharma 
Sulpharma ФФ Елин Пелин, бул. Витоша 7 във Фантастико, Елин Пелин, 23.5962893, 42.6639814,  - Работи с НЗОК и предлага инсулини и скъпоструващи лекарства <br /> - Кликни на sulpharma.bg и Вземи от избрана аптека <br /> - Може да се използва клубна карта Sulpharma 
Sulpharma Македония София, ул. Алабин 1 пл. Македония, София, 23.3156805, 42.6948075,  - Работи с НЗОК и предлага инсулини и скъпоструващи лекарства <br /> - Кликни на sulpharma.bg и Вземи от избрана аптека <br /> - Може да се използва клубна карта Sulpharma 
Sulpharma Славейков 164 Бургас, ж.к. Славейков ж.к. Славейков бл. 164, Бургас, 27.4495905, 42.5223503,  - Работи с НЗОК и предлага инсулини и скъпоструващи лекарства <br /> - Кликни на sulpharma.bg и Вземи от избрана аптека <br /> - Може да се използва клубна карта Sulpharma 
Sulpharma Трета Градска София, жк Илинден ул. Ружа 1 III-Градска болница градинката срещу бл.131Б, София, 23.2875367, 42.7078781,  - Работи с НЗОК и предлага инсулини и скъпоструващи лекарства <br /> - Кликни на sulpharma.bg и Вземи от избрана аптека <br /> - Може да се използва клубна карта Sulpharma 
Sulpharma Люлин 4 София, жк Люлин-4 бул. Захари Стоянов - кв. Люлин бл. 417 вх. Е ет.1, София, 23.24647, 42.718157,  - Работи с НЗОК и предлага инсулини и скъпоструващи лекарства <br /> - Кликни на sulpharma.bg и Вземи от избрана аптека <br /> - Може да се използва клубна карта Sulpharma 
Sulpharma Бели Брези София, Бели Брези бл. 29 (на ъгъла на бул. България и бул. Гоце Делчев), София, 23.2937833, 42.6724625,  - Работи с НЗОК и предлага инсулини и скъпоструващи лекарства <br /> - Кликни на sulpharma.bg и Вземи от избрана аптека <br /> - Може да се използва клубна карта Sulpharma 
Sulpharma Симеон София, ул.Цар Симеон 202 , София, 23.3070177, 42.7036654,  - Работи с НЗОК и предлага инсулини и скъпоструващи лекарства <br /> - Кликни на sulpharma.bg и Вземи от избрана аптека <br /> - Може да се използва клубна карта Sulpharma 
Sulpharma Билла Хиподрума София, ж.к. Хиподрума ул. Софийски герой 4 в Билла Славия, София, 23.2981835, 42.6840148,  - Работи с НЗОК и предлага инсулини и скъпоструващи лекарства <br /> - Кликни на sulpharma.bg и Вземи от избрана аптека <br /> - Може да се използва клубна карта Sulpharma 
Sulpharma Билла Надежда София, ж.к. Надежда бул. Ломско шосе 171 в Билла, София, 23.2924002, 42.735054,  - Работи с НЗОК и предлага инсулини и скъпоструващи лекарства <br /> - Кликни на sulpharma.bg и Вземи от избрана аптека <br /> - Може да се използва клубна карта Sulpharma 
Sulpharma Журналист София, жк. Лозенец бул. Христо Смирненски №40 пл. Журналист, София, 23.3314304, 42.6817665,  - Работи с НЗОК и предлага инсулини и скъпоструващи лекарства <br /> - Кликни на sulpharma.bg и Вземи от избрана аптека <br /> - Може да се използва клубна карта Sulpharma 
Sulpharma Коста Лулчев София, жк Гео Милев ул. Коста Лулчев бл. 245, София, 23.3623035, 42.6776529,  - Работи с НЗОК и предлага инсулини и скъпоструващи лекарства <br /> - Кликни на sulpharma.bg и Вземи от избрана аптека <br /> - Може да се използва клубна карта Sulpharma 
Sulpharma Щросмайер София, жк Света Троица ул. Йосиф Щросмайер бл. 367А, София, 23.2978212, 42.7137241,  - Работи с НЗОК и предлага инсулини и скъпоструващи лекарства <br /> - Кликни на sulpharma.bg и Вземи от избрана аптека <br /> - Може да се използва клубна карта Sulpharma 
Sulpharma Овча Купел София, ж.к. Овча Купел ул. Монтевидео 37 , София, 23.2555653, 42.6853497,  - Работи с НЗОК и предлага инсулини и скъпоструващи лекарства <br /> - Кликни на sulpharma.bg и Вземи от избрана аптека <br /> - Може да се използва клубна карта Sulpharma 
Sulpharma Билла Мотописта София, бул.България 55 в Билла България, София, 23.28952, 42.665155,  - Работи с НЗОК и предлага инсулини и скъпоструващи лекарства <br /> - Кликни на sulpharma.bg и Вземи от избрана аптека <br /> - Може да се използва клубна карта Sulpharma 
Sulpharma Витоша София, бул. Витоша 60 , София, 23.3189134, 42.689212,  - Работи с НЗОК и предлага инсулини и скъпоструващи лекарства <br /> - Кликни на sulpharma.bg и Вземи от избрана аптека <br /> - Може да се използва клубна карта Sulpharma 
Sulpharma Младост 3 София, ж.к. Младост 3 бл. 314 до м.с. А. Теодоров-Балан , София, 23.3739025, 42.6415762,  - Работи с НЗОК и предлага инсулини и скъпоструващи лекарства <br /> - Кликни на sulpharma.bg и Вземи от избрана аптека <br /> - Може да се използва клубна карта Sulpharma 
Sulpharma Симеоновско шосе София, Ж.к. Витоша бул. Симеоновско шосе 110 (пред комплекс „Макси“), София, 23.3345886, 42.6418128,  - Работи с НЗОК и предлага инсулини и скъпоструващи лекарства <br /> - Кликни на sulpharma.bg и Вземи от избрана аптека <br /> - Може да се използва клубна карта Sulpharma 
Sulpharma Ломско шосе София, ж.к. Надежда 2 бул. Ломско шосе 34 Хали Надежда, София, 23.3028513, 42.7262806,  - Работи с НЗОК и предлага инсулини и скъпоструващи лекарства <br /> - Кликни на sulpharma.bg и Вземи от избрана аптека <br /> - Може да се използва клубна карта Sulpharma 
Sulpharma Редута София, ж.к. Редута ул. Атанас Узунов 24 , София, 23.3637405, 42.6909437,  - Работи с НЗОК и предлага инсулини и скъпоструващи лекарства <br /> - Кликни на sulpharma.bg и Вземи от избрана аптека <br /> - Може да се използва клубна карта Sulpharma 
Sulpharma Демокрация Бургас, бул. Демокрация 104 , Бургас, 27.4754619, 42.5029269,  - Работи с НЗОК и предлага инсулини и скъпоструващи лекарства <br /> - Кликни на sulpharma.bg и Вземи от избрана аптека <br /> - Може да се използва клубна карта Sulpharma 
Sulpharma Александровска Бургас, ул. Александровска 53 , Бургас, 27.4720247, 42.494459,  - Работи с НЗОК и предлага инсулини и скъпоструващи лекарства <br /> - Кликни на sulpharma.bg и Вземи от избрана аптека <br /> - Може да се използва клубна карта Sulpharma 
Sulpharma Дружба 2 София, ж.к. Дружба 2 бул. Цветан Лазаров 126 , София, 23.4085534, 42.6495842,  - Работи с НЗОК и предлага инсулини и скъпоструващи лекарства <br /> - Кликни на sulpharma.bg и Вземи от избрана аптека <br /> - Може да се използва клубна карта Sulpharma 
Sulpharma Кауфланд Х.Димитър София, ж.к. Хаджи Димитър ул. Резбарска 7Б (в Кауфланд), София, 23.35506, 42.7121553,  - Работи с НЗОК и предлага инсулини и скъпоструващи лекарства <br /> - Кликни на sulpharma.bg и Вземи от избрана аптека <br /> - Може да се използва клубна карта Sulpharma 
Sulpharma Меден Рудник Бургас, Меден рудник зона А (до болница Бургасмед), Бургас, 27.420247, 42.4640067,  - Работи с НЗОК и предлага инсулини и скъпоструващи лекарства <br /> - Кликни на sulpharma.bg и Вземи от избрана аптека <br /> - Може да се използва клубна карта Sulpharma 
Sulpharma Люлин 10 София, Люлин 10 бл. 153 (метростанция Западен парк), София, 23.2685508, 42.7125891,  - Работи с НЗОК и предлага инсулини и скъпоструващи лекарства <br /> - Кликни на sulpharma.bg и Вземи от избрана аптека <br /> - Може да се използва клубна карта Sulpharma 
Sulpharma Билла Пазарджик, ул. Георги Бенковски 12 (супермаркет Била), Пазарджик, 24.334812, 42.196641,  - Работи с НЗОК и предлага инсулини и скъпоструващи лекарства <br /> - Кликни на sulpharma.bg и Вземи от избрана аптека <br /> - Може да се използва клубна карта Sulpharma 
Sulpharma Гаритидж София, ул. Донка Ушлинова 2 в сграда 1 (Garitage Park), София, 23.371661, 42.621609,  - Работи с НЗОК и предлага инсулини и скъпоструващи лекарства <br /> - Кликни на sulpharma.bg и Вземи от избрана аптека <br /> - Може да се използва клубна карта Sulpharma 
Sulpharma Престиж Бургас, Славейков бл. 194, Бургас, 27.457942, 42.518493,  - Работи с НЗОК и предлага инсулини и скъпоструващи лекарства <br /> - Кликни на sulpharma.bg и Вземи от избрана аптека <br /> - Може да се използва клубна карта Sulpharma 
Sulpharma Гагарин Пловдив, кв .Гагарин ул. Огражден 2 , Пловдив, 24.756871, 42.160812,  - Работи с НЗОК и предлага инсулини и скъпоструващи лекарства <br /> - Кликни на sulpharma.bg и Вземи от избрана аптека <br /> - Може да се използва клубна карта Sulpharma 
Sulpharma 6-ти Септември Пловдив, бул. 6-ти септември 104 , Пловдив, 24.730783, 42.147619,  - Работи с НЗОК и предлага инсулини и скъпоструващи лекарства <br /> - Кликни на sulpharma.bg и Вземи от избрана аптека <br /> - Може да се използва клубна карта Sulpharma 
Sulpharma Ритейл Парк Пловдив, бул. Александър Стамболийски 131 (парк Пловдив Юг ), Пловдив, 24.721533, 42.124683,  - Работи с НЗОК и предлага инсулини и скъпоструващи лекарства <br /> - Кликни на sulpharma.bg и Вземи от избрана аптека <br /> - Може да се използва клубна карта Sulpharma 
Sulpharma Дубровник Варна, кв. Левски ул. Дубровник 39 , Варна, 27.925028, 43.223204,  - Работи с НЗОК и предлага инсулини и скъпоструващи лекарства <br /> - Кликни на sulpharma.bg и Вземи от избрана аптека <br /> - Може да се използва клубна карта Sulpharma 
Sulpharma Поп Минчо Ст.Загора, ул. Поп Минчо Кънчев 141 , Стара Загора, 25.621262, 42.42734,  - Работи с НЗОК и предлага инсулини и скъпоструващи лекарства <br /> - Кликни на sulpharma.bg и Вземи от избрана аптека <br /> - Може да се използва клубна карта Sulpharma 
Sulpharma Братя Миладинови Варна, ул. Братя Миладинови 73 (на ъгъла с ул. Пирин), Варна, 27.912587, 43.212616,  - Работи с НЗОК и предлага инсулини и скъпоструващи лекарства <br /> - Кликни на sulpharma.bg и Вземи от избрана аптека <br /> - Може да се използва клубна карта Sulpharma 
Sulpharma Пере Тошев Пловдив, кв. Кючук Париж ул. Дрин 33 (на ъгъла с ул. Пере Тошев), Пловдив, 24.748043, 42.129459,  - Работи с НЗОК и предлага инсулини и скъпоструващи лекарства <br /> - Кликни на sulpharma.bg и Вземи от избрана аптека <br /> - Може да се използва клубна карта Sulpharma 
Sulpharma Младост 3 Дар София, ж.к. Младост 3 ул. Ген. Радко Димитриев 15 (в магазин ДАР), София, 23.383841, 42.639631,  - Работи с НЗОК и предлага инсулини и скъпоструващи лекарства <br /> - Кликни на sulpharma.bg и Вземи от избрана аптека <br /> - Може да се използва клубна карта Sulpharma 
Sulpharma Чайка Варна, Чайка ж.к. Чайка бл. 202, Варна, 27.943445, 43.21643,  - Работи с НЗОК и предлага инсулини и скъпоструващи лекарства <br /> - Кликни на sulpharma.bg и Вземи от избрана аптека <br /> - Може да се използва клубна карта Sulpharma 
Sulpharma Младост 1 Пазара София, ж.к. Младост 1 ул. Методи Андонов 6 (до пазара), София, 23.373244, 42.651793,  - Работи с НЗОК и предлага инсулини и скъпоструващи лекарства <br /> - Кликни на sulpharma.bg и Вземи от избрана аптека <br /> - Може да се използва клубна карта Sulpharma 
Sulpharma Корабостроител, бул. Владислав Варненчик № 8-10 , Варна, 27.910932, 43.206264,  - Работи с НЗОК и предлага инсулини и скъпоструващи лекарства <br /> - Кликни на sulpharma.bg и Вземи от избрана аптека <br /> - Може да се използва клубна карта Sulpharma 
Sulpharma Княз Александър, ул. Княз Александър I № 34 , Пловдив, 24.749015, 42.145606,  - Работи с НЗОК и предлага инсулини и скъпоструващи лекарства <br /> - Кликни на sulpharma.bg и Вземи от избрана аптека <br /> - Може да се използва клубна карта Sulpharma 
Sulpharma Крали Марко Благоевград, ул. "Крали Марко" № 1 До входа на BILLA, Благоевград, 23.097029, 42.017628,  - Работи с НЗОК и предлага инсулини и скъпоструващи лекарства <br /> - Кликни на sulpharma.bg и Вземи от избрана аптека <br /> - Може да се използва клубна карта Sulpharma 
Sulpharma Кауфланд Карлово, ул. Теофан Райнов , гр. Карлово, 24.81789, 42.633643,  - Работи с НЗОК и предлага инсулини и скъпоструващи лекарства <br /> - Кликни на sulpharma.bg и Вземи от избрана аптека <br /> - Може да се използва клубна карта Sulpharma 
Sulpharma, ул. Вл.Поптомов 95 , Белица, 23.55638, 41.95077,  - Работи с НЗОК и предлага инсулини и скъпоструващи лекарства <br /> - Кликни на sulpharma.bg и Вземи от избрана аптека <br /> - Може да се използва клубна карта Sulpharma 
Sulpharma, ул. Ниш 1 ДКЦ, Велико Търново, 25.61398, 43.07538,  - Работи с НЗОК и предлага инсулини и скъпоструващи лекарства <br /> - Кликни на sulpharma.bg и Вземи от избрана аптека <br /> - Може да се използва клубна карта Sulpharma 
Sulpharma, ул. Марно Поле 21 ДКЦ, Велико Търново, 25.63049, 43.07874,  - Работи с НЗОК и предлага инсулини и скъпоструващи лекарства <br /> - Кликни на sulpharma.bg и Вземи от избрана аптека <br /> - Може да се използва клубна карта Sulpharma 
Sulpharma, бул. България 115А , Пловдив, 24.7287, 42.15725,  - Работи с НЗОК и предлага инсулини и скъпоструващи лекарства <br /> - Кликни на sulpharma.bg и Вземи от избрана аптека <br /> - Може да се използва клубна карта Sulpharma 
Sulpharma, бул. Св. Димитър Солунски 21 Хипермаркет Кауфланд, Благоевград, 23.0939, 42.01065,  - Работи с НЗОК и предлага инсулини и скъпоструващи лекарства <br /> - Кликни на sulpharma.bg и Вземи от избрана аптека <br /> - Може да се използва клубна карта Sulpharma 
Sulpharma, жк. Дружба бул. Христо Ботев 38 Хипермаркет Кауфланд, Русе, 25.96866, 43.83245,  - Работи с НЗОК и предлага инсулини и скъпоструващи лекарства <br /> - Кликни на sulpharma.bg и Вземи от избрана аптека <br /> - Може да се използва клубна карта Sulpharma 
Sulpharma, ул. Цар Борис 3-ти 116 , Якоруда, 23.67057, 42.01818,  - Работи с НЗОК и предлага инсулини и скъпоструващи лекарства <br /> - Кликни на sulpharma.bg и Вземи от избрана аптека <br /> - Може да се използва клубна карта Sulpharma 
Sulpharma, бул. Априлско въстание 3А Хипермаркет Кауфланд, Разград, 26.51168, 43.53026,  - Работи с НЗОК и предлага инсулини и скъпоструващи лекарства <br /> - Кликни на sulpharma.bg и Вземи от избрана аптека <br /> - Може да се използва клубна карта Sulpharma 
Sulpharma, ул. Цариградско шосе 94 Хипермаркет Кауфланд, Пловдив, 24.78472, 42.14742,  - Работи с НЗОК и предлага инсулини и скъпоструващи лекарства <br /> - Кликни на sulpharma.bg и Вземи от избрана аптека <br /> - Може да се използва клубна карта Sulpharma 
Sulpharma, жк. Сухата река ул. Ем. Васкидович 51 ДКЦ 18, София, 23.3694, 42.70167,  - Работи с НЗОК и предлага инсулини и скъпоструващи лекарства <br /> - Кликни на sulpharma.bg и Вземи от избрана аптека <br /> - Може да се използва клубна карта Sulpharma 
Sulpharma, ул. Васил Левски 6 , Велико Търново, 25.62998, 43.08046,  - Работи с НЗОК и предлага инсулини и скъпоструващи лекарства <br /> - Кликни на sulpharma.bg и Вземи от избрана аптека <br /> - Може да се използва клубна карта Sulpharma 
Sulpharma, бул. Георги Данчев 30 Хипермаркет Кауфланд, Сливен, 26.34201, 42.68282,  - Работи с НЗОК и предлага инсулини и скъпоструващи лекарства <br /> - Кликни на sulpharma.bg и Вземи от избрана аптека <br /> - Може да се използва клубна карта Sulpharma 
Sulpharma, ул. Стефан Стамболов 51 , Пловдив, 24.73429, 42.12737,  - Работи с НЗОК и предлага инсулини и скъпоструващи лекарства <br /> - Кликни на sulpharma.bg и Вземи от избрана аптека <br /> - Може да се използва клубна карта Sulpharma 
Sulpharma, ул. Стара планина 78 Хипермаркет Кауфланд, Севлиево, 25.0955, 43.0217,  - Работи с НЗОК и предлага инсулини и скъпоструващи лекарства <br /> - Кликни на sulpharma.bg и Вземи от избрана аптека <br /> - Може да се използва клубна карта Sulpharma 
Sulpharma, бул. Васил Левски 7 , Търговище, 26.57305, 43.24727,  - Работи с НЗОК и предлага инсулини и скъпоструващи лекарства <br /> - Кликни на sulpharma.bg и Вземи от избрана аптека <br /> - Може да се използва клубна карта Sulpharma 
Sulpharma, ул. Граф Игнатиев 3 Хипермаркет Кауфланд, Ямбол, 26.51826, 42.4774,  - Работи с НЗОК и предлага инсулини и скъпоструващи лекарства <br /> - Кликни на sulpharma.bg и Вземи от избрана аптека <br /> - Може да се използва клубна карта Sulpharma 
Sulpharma, ул. Петър Ангелов 1 ДКЦ, Свищов, 25.34613, 43.61446,  - Работи с НЗОК и предлага инсулини и скъпоструващи лекарства <br /> - Кликни на sulpharma.bg и Вземи от избрана аптека <br /> - Може да се използва клубна карта Sulpharma 
Sulpharma, ул. Христо Янчев 67-69 , Долни Дъбник, 24.44416, 43.40908,  - Работи с НЗОК и предлага инсулини и скъпоструващи лекарства <br /> - Кликни на sulpharma.bg и Вземи от избрана аптека <br /> - Може да се използва клубна карта Sulpharma 
Sulpharma, ул. Тодор Каблешков 3 Хипермаркет Кауфланд, София, 23.27329, 42.67054,  - Работи с НЗОК и предлага инсулини и скъпоструващи лекарства <br /> - Кликни на sulpharma.bg и Вземи от избрана аптека <br /> - Може да се използва клубна карта Sulpharma 
Sulpharma, бул. Христо Смирненски 2 Хипермаркет Кауфланд, Варна, 27.89046, 43.22101,  - Работи с НЗОК и предлага инсулини и скъпоструващи лекарства <br /> - Кликни на sulpharma.bg и Вземи от избрана аптека <br /> - Може да се използва клубна карта Sulpharma 
Sulpharma, ул. Христо Силянов 77 ДКЦ 8, София, 23.29454, 42.73003,  - Работи с НЗОК и предлага инсулини и скъпоструващи лекарства <br /> - Кликни на sulpharma.bg и Вземи от избрана аптека <br /> - Може да се използва клубна карта Sulpharma 
Sulpharma, бул. 6-ти Септември 110А ДКЦ 2, Пловдив, 24.73341, 42.14792,  - Работи с НЗОК и предлага инсулини и скъпоструващи лекарства <br /> - Кликни на sulpharma.bg и Вземи от избрана аптека <br /> - Може да се използва клубна карта Sulpharma 
Sulpharma, ул. Овар 2 Хипермаркет Кауфланд, Перник, 23.11567, 42.60614,  - Работи с НЗОК и предлага инсулини и скъпоструващи лекарства <br /> - Кликни на sulpharma.bg и Вземи от избрана аптека <br /> - Може да се използва клубна карта Sulpharma 
Sulpharma, ул. Оборище 7 Хипермаркет Кауфланд, Враца, 23.54493, 43.20702,  - Работи с НЗОК и предлага инсулини и скъпоструващи лекарства <br /> - Кликни на sulpharma.bg и Вземи от избрана аптека <br /> - Може да се използва клубна карта Sulpharma 
Sulpharma, жк. Тракия бул. Освобождение 47 Хипермаркет Кауфланд, Пловдив, 24.78971, 42.13283,  - Работи с НЗОК и предлага инсулини и скъпоструващи лекарства <br /> - Кликни на sulpharma.bg и Вземи от избрана аптека <br /> - Може да се използва клубна карта Sulpharma 
Sulpharma, бул. Витоша 50 , София, 23.31915, 42.69023,  - Работи с НЗОК и предлага инсулини и скъпоструващи лекарства <br /> - Кликни на sulpharma.bg и Вземи от избрана аптека <br /> - Може да се използва клубна карта Sulpharma 
Sulpharma, бул. Черни връх 100 Mall Парадайз център, София, 23.31503, 42.65764,  - Работи с НЗОК и предлага инсулини и скъпоструващи лекарства <br /> - Кликни на sulpharma.bg и Вземи от избрана аптека <br /> - Може да се използва клубна карта Sulpharma 
Sulpharma, бул. Александър Стамболийски 24-26 , София, 23.31839, 42.69733,  - Работи с НЗОК и предлага инсулини и скъпоструващи лекарства <br /> - Кликни на sulpharma.bg и Вземи от избрана аптека <br /> - Може да се използва клубна карта Sulpharma 
Sulpharma, бул. Симеон Велики 28 Хипермаркет Кауфланд, Шумен, 26.9426, 43.27606,  - Работи с НЗОК и предлага инсулини и скъпоструващи лекарства <br /> - Кликни на sulpharma.bg и Вземи от избрана аптека <br /> - Може да се използва клубна карта Sulpharma 
Sulpharma, бул. Христо Ботев 24 ДКЦ 1, Сливен, 26.32521, 42.6766,  - Работи с НЗОК и предлага инсулини и скъпоструващи лекарства <br /> - Кликни на sulpharma.bg и Вземи от избрана аптека <br /> - Може да се използва клубна карта Sulpharma 
Sulpharma, ул. Атанас Москов 2 Метро, Варна, 27.86082, 43.23246,  - Работи с НЗОК и предлага инсулини и скъпоструващи лекарства <br /> - Кликни на sulpharma.bg и Вземи от избрана аптека <br /> - Може да се използва клубна карта Sulpharma 
Sulpharma, бул. Славянски 14Е , Шумен, 26.93235, 43.27141,  - Работи с НЗОК и предлага инсулини и скъпоструващи лекарства <br /> - Кликни на sulpharma.bg и Вземи от избрана аптека <br /> - Може да се използва клубна карта Sulpharma 
Sulpharma, ул. Цар Освободител 103А -1 , Шумен, 26.92635, 43.27235,  - Работи с НЗОК и предлага инсулини и скъпоструващи лекарства <br /> - Кликни на sulpharma.bg и Вземи от избрана аптека <br /> - Може да се използва клубна карта Sulpharma 
Sulpharma, бул. Цариградско шосе 115 The Mall, София, 23.38229, 42.66078,  - Работи с НЗОК и предлага инсулини и скъпоструващи лекарства <br /> - Кликни на sulpharma.bg и Вземи от избрана аптека <br /> - Може да се използва клубна карта Sulpharma 
Sulpharma, ул. Стефан Караджа 2 ДКЦ 2, Сливен, 26.31135, 42.67881,  - Работи с НЗОК и предлага инсулини и скъпоструващи лекарства <br /> - Кликни на sulpharma.bg и Вземи от избрана аптека <br /> - Може да се използва клубна карта Sulpharma 
Sulpharma, ул. Търговска 23 , Видин, 22.87527, 43.98781,  - Работи с НЗОК и предлага инсулини и скъпоструващи лекарства <br /> - Кликни на sulpharma.bg и Вземи от избрана аптека <br /> - Може да се използва клубна карта Sulpharma 
Sulpharma, жк Свобода ул. Ген. Никола Жеков Супермаркет СБА, София, 23.30546, 42.73606,  - Работи с НЗОК и предлага инсулини и скъпоструващи лекарства <br /> - Кликни на sulpharma.bg и Вземи от избрана аптека <br /> - Може да се използва клубна карта Sulpharma 
Sulpharma, бул. Сливница 185 ТЦ Делта Планет, Варна, 27.87488, 43.22796,  - Работи с НЗОК и предлага инсулини и скъпоструващи лекарства <br /> - Кликни на sulpharma.bg и Вземи от избрана аптека <br /> - Може да се използва клубна карта Sulpharma 
Sulpharma, бул. Цар Освободител 100 ДКЦ 4, Варна, 27.9174, 43.21484,  - Работи с НЗОК и предлага инсулини и скъпоструващи лекарства <br /> - Кликни на sulpharma.bg и Вземи от избрана аптека <br /> - Може да се използва клубна карта Sulpharma 
Sulpharma, бул. 8-ми приморски полк 67-69 , Варна, 27.91945, 43.20916,  - Работи с НЗОК и предлага инсулини и скъпоструващи лекарства <br /> - Кликни на sulpharma.bg и Вземи от избрана аптека <br /> - Може да се използва клубна карта Sulpharma 
Sulpharma, ул. Скопие 1 Хипермаркет Кауфланд, София, 23.30233, 42.71138,  - Работи с НЗОК и предлага инсулини и скъпоструващи лекарства <br /> - Кликни на sulpharma.bg и Вземи от избрана аптека <br /> - Може да се използва клубна карта Sulpharma 
Sulpharma, ж.к. Дружба 1 ул. Хайделберг 1 Хипермаркет Кауфланд, София, 23.39976, 42.65631,  - Работи с НЗОК и предлага инсулини и скъпоструващи лекарства <br /> - Кликни на sulpharma.bg и Вземи от избрана аптека <br /> - Може да се използва клубна карта Sulpharma 
Sulpharma, ул. Транспортна 23 Хипермаркет Кауфланд, Бургас, 27.46088, 42.53213,  - Работи с НЗОК и предлага инсулини и скъпоструващи лекарства <br /> - Кликни на sulpharma.bg и Вземи от избрана аптека <br /> - Може да се използва клубна карта Sulpharma 
Sulpharma, Район Кремиковци ул. Никола Бонев 12А Бухово, София, 23.56723, 42.76524,  - Работи с НЗОК и предлага инсулини и скъпоструващи лекарства <br /> - Кликни на sulpharma.bg и Вземи от избрана аптека <br /> - Може да се използва клубна карта Sulpharma 
Sulpharma, ул. Кирил и Методий 9 , Благоевград, 26.93501, 43.27112,  - Работи с НЗОК и предлага инсулини и скъпоструващи лекарства <br /> - Кликни на sulpharma.bg и Вземи от избрана аптека <br /> - Може да се използва клубна карта Sulpharma 
Sulpharma, жк. Сторгозия 79 Супермаркет Т макет, Плевен, 24.59854, 43.42401,  - Работи с НЗОК и предлага инсулини и скъпоструващи лекарства <br /> - Кликни на sulpharma.bg и Вземи от избрана аптека <br /> - Може да се използва клубна карта Sulpharma 
Sulpharma, бул. В. Левски 64 , София, 23.3286, 42.68767,  - Работи с НЗОК и предлага инсулини и скъпоструващи лекарства <br /> - Кликни на sulpharma.bg и Вземи от избрана аптека <br /> - Може да се използва клубна карта Sulpharma 
Sulpharma, бул. Тотлебен 36 Хипермаркет Кауфланд, София, 23.30213, 42.68956,  - Работи с НЗОК и предлага инсулини и скъпоструващи лекарства <br /> - Кликни на sulpharma.bg и Вземи от избрана аптека <br /> - Може да се използва клубна карта Sulpharma 
Sulpharma, ул. Хан Кубрат 61 Хипермаркет Кауфланд, София, 23.28594, 42.72843,  - Работи с НЗОК и предлага инсулини и скъпоструващи лекарства <br /> - Кликни на sulpharma.bg и Вземи от избрана аптека <br /> - Може да се използва клубна карта Sulpharma 
Sulpharma, ул. Георги Софийски 74 Срещу ВМА, София, 23.30164, 42.68475,  - Работи с НЗОК и предлага инсулини и скъпоструващи лекарства <br /> - Кликни на sulpharma.bg и Вземи от избрана аптека <br /> - Може да се използва клубна карта Sulpharma 
Sulpharma, Ул. Г.С. Раковски 52А , Стара Загора, 25.63263, 42.42386,  - Работи с НЗОК и предлага инсулини и скъпоструващи лекарства <br /> - Кликни на sulpharma.bg и Вземи от избрана аптека <br /> - Може да се използва клубна карта Sulpharma 
Sulpharma, бул. Македония 10 Хипермаркет Кауфланд, Кюстендил, 22.68105, 42.28312,  - Работи с НЗОК и предлага инсулини и скъпоструващи лекарства <br /> - Кликни на sulpharma.bg и Вземи от избрана аптека <br /> - Може да се използва клубна карта Sulpharma 
Sulpharma, ул. Сан Стефано 80 Хипермаркет Кауфланд, Плевен, 24.62097, 43.39512,  - Работи с НЗОК и предлага инсулини и скъпоструващи лекарства <br /> - Кликни на sulpharma.bg и Вземи от избрана аптека <br /> - Може да се използва клубна карта Sulpharma 
Sulpharma, ул. Св. Иван Рилски 96А Хипермаркет Кауфланд, Дупница, 23.10349, 42.25885,  - Работи с НЗОК и предлага инсулини и скъпоструващи лекарства <br /> - Кликни на sulpharma.bg и Вземи от избрана аптека <br /> - Може да се използва клубна карта Sulpharma 
Sulpharma, бул. 6-ти септември 144 пл. Съединение, Пловдив, 24.74519, 42.15078,  - Работи с НЗОК и предлага инсулини и скъпоструващи лекарства <br /> - Кликни на sulpharma.bg и Вземи от избрана аптека <br /> - Може да се използва клубна карта Sulpharma 
Sulpharma, кв. Промишлена зона Бул. Цар Симеон 39 Хипермаркет Кауфланд, Сливен, 26.32391, 42.674,  - Работи с НЗОК и предлага инсулини и скъпоструващи лекарства <br /> - Кликни на sulpharma.bg и Вземи от избрана аптека <br /> - Може да се използва клубна карта Sulpharma 
Sulpharma, ул. Н.Й.Вапцаров 8 Хипермаркет Кауфланд, Силистра, 27.25229, 44.11173,  - Работи с НЗОК и предлага инсулини и скъпоструващи лекарства <br /> - Кликни на sulpharma.bg и Вземи от избрана аптека <br /> - Може да се използва клубна карта Sulpharma 
Sulpharma, кв. Красно Село ул. Константин Иречек 50 , София, 23.30741, 42.68622,  - Работи с НЗОК и предлага инсулини и скъпоструващи лекарства <br /> - Кликни на sulpharma.bg и Вземи от избрана аптека <br /> - Може да се използва клубна карта Sulpharma 
Sulpharma, ул. Оборище 72 , София, 23.35135, 42.69345,  - Работи с НЗОК и предлага инсулини и скъпоструващи лекарства <br /> - Кликни на sulpharma.bg и Вземи от избрана аптека <br /> - Може да се използва клубна карта Sulpharma 
Sulpharma, кв. Лозенец бул. Черни връх 25 , София, 23.32222, 42.67879,  - Работи с НЗОК и предлага инсулини и скъпоструващи лекарства <br /> - Кликни на sulpharma.bg и Вземи от избрана аптека <br /> - Може да се използва клубна карта Sulpharma 
Sulpharma, ул. Александровска 64 , Русе, 25.95584, 43.8511,  - Работи с НЗОК и предлага инсулини и скъпоструващи лекарства <br /> - Кликни на sulpharma.bg и Вземи от избрана аптека <br /> - Може да се използва клубна карта Sulpharma 
Sulpharma, бул. Съединение 44 Хипермаркет Кауфланд, Хасково, 25.56567, 41.93069,  - Работи с НЗОК и предлага инсулини и скъпоструващи лекарства <br /> - Кликни на sulpharma.bg и Вземи от избрана аптека <br /> - Може да се използва клубна карта Sulpharma 
Sulpharma, кв. Красно Село ул. Константин Иречек 1 , София, 23.30645, 42.68956,  - Работи с НЗОК и предлага инсулини и скъпоструващи лекарства <br /> - Кликни на sulpharma.bg и Вземи от избрана аптека <br /> - Може да се използва клубна карта Sulpharma 
Sulpharma, бул. Мария Луиза 191 ДКЦ 7, София, 23.31541, 42.71232,  - Работи с НЗОК и предлага инсулини и скъпоструващи лекарства <br /> - Кликни на sulpharma.bg и Вземи от избрана аптека <br /> - Може да се използва клубна карта Sulpharma 
Sulpharma, кв. Орландовци ул. Мара Бунева 22 , София, 23.34001, 42.71916,  - Работи с НЗОК и предлага инсулини и скъпоструващи лекарства <br /> - Кликни на sulpharma.bg и Вземи от избрана аптека <br /> - Може да се използва клубна карта Sulpharma 
Sulpharma, бул. България 85 , Попово, 26.22236, 43.34882,  - Работи с НЗОК и предлага инсулини и скъпоструващи лекарства <br /> - Кликни на sulpharma.bg и Вземи от избрана аптека <br /> - Може да се използва клубна карта Sulpharma 
Sulpharma, ул. Пиротска 120 , София, 23.3014, 42.70286,  - Работи с НЗОК и предлага инсулини и скъпоструващи лекарства <br /> - Кликни на sulpharma.bg и Вземи от избрана аптека <br /> - Може да се използва клубна карта Sulpharma 
Sulpharma, жк. Дианабад ул. Лъчезар Станчев 5 Софарма Бизнес Тауърс А, София, 23.35697, 42.66562,  - Работи с НЗОК и предлага инсулини и скъпоструващи лекарства <br /> - Кликни на sulpharma.bg и Вземи от избрана аптека <br /> - Може да се използва клубна карта Sulpharma 
Sulpharma, ул. Ал. Стамболийски 7 Супермаркет Т Маркет, Асеновград, 24.87877, 42.0111,  - Работи с НЗОК и предлага инсулини и скъпоструващи лекарства <br /> - Кликни на sulpharma.bg и Вземи от избрана аптека <br /> - Може да се използва клубна карта Sulpharma 
Sulpharma, ул. Гренадерска 119 Хипермаркет Кауфланд, Плевен, 24.62742, 43.41898,  - Работи с НЗОК и предлага инсулини и скъпоструващи лекарства <br /> - Кликни на sulpharma.bg и Вземи от избрана аптека <br /> - Може да се използва клубна карта Sulpharma 
Sulpharma, бул. Пещерско шосе 36 Хипермаркет Кауфланд, Пловдив, 24.72432, 42.1397,  - Работи с НЗОК и предлага инсулини и скъпоструващи лекарства <br /> - Кликни на sulpharma.bg и Вземи от избрана аптека <br /> - Може да се използва клубна карта Sulpharma 
Sulpharma, бул. България 1 , Ловеч, 24.71642, 43.13523,  - Работи с НЗОК и предлага инсулини и скъпоструващи лекарства <br /> - Кликни на sulpharma.bg и Вземи от избрана аптека <br /> - Може да се използва клубна карта Sulpharma 
Sulpharma, ул. Георги С. Раковски 111 , София, 23.33002, 42.69842,  - Работи с НЗОК и предлага инсулини и скъпоструващи лекарства <br /> - Кликни на sulpharma.bg и Вземи от избрана аптека <br /> - Може да се използва клубна карта Sulpharma 
Sulpharma, ул. Васил Левски 4 , Разград, 26.52418, 43.52849,  - Работи с НЗОК и предлага инсулини и скъпоструващи лекарства <br /> - Кликни на sulpharma.bg и Вземи от избрана аптека <br /> - Може да се използва клубна карта Sulpharma 
Sulpharma, кв. Слатина ул. Асен Йорданов 7 Хипермаркет Кауфланд, София, 23.38281, 42.67416,  - Работи с НЗОК и предлага инсулини и скъпоструващи лекарства <br /> - Кликни на sulpharma.bg и Вземи от избрана аптека <br /> - Може да се използва клубна карта Sulpharma 
Sulpharma, кв Малинова долина ул. Проф. Д-р Иван Странски 20 Хипермаркет Кауфланд, София, 23.33658, 42.64215,  - Работи с НЗОК и предлага инсулини и скъпоструващи лекарства <br /> - Кликни на sulpharma.bg и Вземи от избрана аптека <br /> - Може да се използва клубна карта Sulpharma 
Sulpharma, кв. Мусагеница ул. Боян Дановски 11 Супермаркет Т Маркет, София, 23.36244, 42.66485,  - Работи с НЗОК и предлага инсулини и скъпоструващи лекарства <br /> - Кликни на sulpharma.bg и Вземи от избрана аптека <br /> - Може да се използва клубна карта Sulpharma 
Sulpharma, ул. Хаджи Димитър Стойлов 1 Хипермаркет Кауфланд, Асеновград, 24.86114, 42.01854,  - Работи с НЗОК и предлага инсулини и скъпоструващи лекарства <br /> - Кликни на sulpharma.bg и Вземи от избрана аптека <br /> - Може да се използва клубна карта Sulpharma 
Sulpharma, кв. Бриз ул. Петър Скорчев 2 Хипермаркет Кауфланд, Варна, 27.94043, 43.22249,  - Работи с НЗОК и предлага инсулини и скъпоструващи лекарства <br /> - Кликни на sulpharma.bg и Вземи от избрана аптека <br /> - Може да се използва клубна карта Sulpharma 
Sulpharma, ул. Търговска 18 , Гоце Делчев, 23.72714, 41.57209,  - Работи с НЗОК и предлага инсулини и скъпоструващи лекарства <br /> - Кликни на sulpharma.bg и Вземи от избрана аптека <br /> - Може да се използва клубна карта Sulpharma 
Sulpharma, ул. 6-ти Септември 110 ДКЦ 2, Пловдив, 24.73291, 42.14777,  - Работи с НЗОК и предлага инсулини и скъпоструващи лекарства <br /> - Кликни на sulpharma.bg и Вземи от избрана аптека <br /> - Може да се използва клубна карта Sulpharma 
Sulpharma, ул. Цар Симеон 57 , Банско, 23.48854, 41.83862,  - Работи с НЗОК и предлага инсулини и скъпоструващи лекарства <br /> - Кликни на sulpharma.bg и Вземи от избрана аптека <br /> - Може да се използва клубна карта Sulpharma 
Sulpharma, ж.к. Левски В бл. 9А ДКЦ 18, София, 23.38137, 42.70981,  - Работи с НЗОК и предлага инсулини и скъпоструващи лекарства <br /> - Кликни на sulpharma.bg и Вземи от избрана аптека <br /> - Може да се използва клубна карта Sulpharma 
Sulpharma, кв. Х.Димитър ул. Брезовско шосе 127 Хипермаркет Кауфланд, Пловдив, 24.74905, 42.1666,  - Работи с НЗОК и предлага инсулини и скъпоструващи лекарства <br /> - Кликни на sulpharma.bg и Вземи от избрана аптека <br /> - Може да се използва клубна карта Sulpharma 
Sulpharma, ул. Брезник 2 , Перник, 23.03559, 42.61116,  - Работи с НЗОК и предлага инсулини и скъпоструващи лекарства <br /> - Кликни на sulpharma.bg и Вземи от избрана аптека <br /> - Може да се използва клубна карта Sulpharma 
Sulpharma, бул. 23-ти Шипченски пехотен полк 153 Хипермаркет Кауфланд, Казанлък, 25.36938, 42.61827,  - Работи с НЗОК и предлага инсулини и скъпоструващи лекарства <br /> - Кликни на sulpharma.bg и Вземи от избрана аптека <br /> - Може да се използва клубна карта Sulpharma 
Sulpharma, Приморски парк 2 482 , Варна, 27.9551, 43.21521,  - Работи с НЗОК и предлага инсулини и скъпоструващи лекарства <br /> - Кликни на sulpharma.bg и Вземи от избрана аптека <br /> - Може да се използва клубна карта Sulpharma 
Sulpharma, бул. Македония 97Б Хипермаркет Кауфланд, Пловдив, 24.74103, 42.12242,  - Работи с НЗОК и предлага инсулини и скъпоструващи лекарства <br /> - Кликни на sulpharma.bg и Вземи от избрана аптека <br /> - Може да се използва клубна карта Sulpharma 
Sulpharma, ул. 6-ти май 1 Хипермаркет Кауфланд, Перник, 23.03626, 42.60798,  - Работи с НЗОК и предлага инсулини и скъпоструващи лекарства <br /> - Кликни на sulpharma.bg и Вземи от избрана аптека <br /> - Може да се използва клубна карта Sulpharma 
Sulpharma, ул. Позитано 12 , София, 23.31959, 42.69612,  - Работи с НЗОК и предлага инсулини и скъпоструващи лекарства <br /> - Кликни на sulpharma.bg и Вземи от избрана аптека <br /> - Може да се използва клубна карта Sulpharma 
Sulpharma, ул. Ивайло 6 Хипермаркет Кауфланд, Габрово, 25.3205, 42.88312,  - Работи с НЗОК и предлага инсулини и скъпоструващи лекарства <br /> - Кликни на sulpharma.bg и Вземи от избрана аптека <br /> - Може да се използва клубна карта Sulpharma 
Sulpharma, жк. Овча купел ул. Кукуряк 3 Хипермаркет Кауфланд, София, 23.26736, 42.68274,  - Работи с НЗОК и предлага инсулини и скъпоструващи лекарства <br /> - Кликни на sulpharma.bg и Вземи от избрана аптека <br /> - Може да се използва клубна карта Sulpharma 
Sulpharma, ж.к. Мотописта ул. Г. Измирлиев 8 ДКЦ 29, София, 23.29667, 42.6647,  - Работи с НЗОК и предлага инсулини и скъпоструващи лекарства <br /> - Кликни на sulpharma.bg и Вземи от избрана аптека <br /> - Може да се използва клубна карта Sulpharma 
Sulpharma, ул. Стефан Стамболов 59 Женски пазар, София, 23.32227, 42.70472,  - Работи с НЗОК и предлага инсулини и скъпоструващи лекарства <br /> - Кликни на sulpharma.bg и Вземи от избрана аптека <br /> - Може да се използва клубна карта Sulpharma 
Sulpharma, бул.Санкт Петербург 135 Метро, Пловдив, 24.78285, 42.14354,  - Работи с НЗОК и предлага инсулини и скъпоструващи лекарства <br /> - Кликни на sulpharma.bg и Вземи от избрана аптека <br /> - Може да се използва клубна карта Sulpharma 
Sulpharma, жк. Кр. Поляна бул. Горнобански път бл. 239, София, 23.28398, 42.69517,  - Работи с НЗОК и предлага инсулини и скъпоструващи лекарства <br /> - Кликни на sulpharma.bg и Вземи от избрана аптека <br /> - Може да се използва клубна карта Sulpharma 
Sulpharma, ул. Панония 41 Хипермаркет Кауфланд, Видин, 22.86942, 44.00043,  - Работи с НЗОК и предлага инсулини и скъпоструващи лекарства <br /> - Кликни на sulpharma.bg и Вземи от избрана аптека <br /> - Може да се използва клубна карта Sulpharma 
Sulpharma, жк. Кр. Поляна бул. Ал.Стамболийски 186 ДКЦ 10, София, 23.2922, 42.70157,  - Работи с НЗОК и предлага инсулини и скъпоструващи лекарства <br /> - Кликни на sulpharma.bg и Вземи от избрана аптека <br /> - Може да се използва клубна карта Sulpharma 
Sulpharma, кв. Меден Рудник ул. Отец Матей Миткалото 45 Хипермаркет Кауфланд, Бургас, 27.41031, 42.46339,  - Работи с НЗОК и предлага инсулини и скъпоструващи лекарства <br /> - Кликни на sulpharma.bg и Вземи от избрана аптека <br /> - Може да се използва клубна карта Sulpharma 
Sulpharma, жк. Овча купел 2 ул. Фридрих Грюнангер 2 МЦ Доверие, София, 23.24588, 42.68488,  - Работи с НЗОК и предлага инсулини и скъпоструващи лекарства <br /> - Кликни на sulpharma.bg и Вземи от избрана аптека <br /> - Може да се използва клубна карта Sulpharma 
Sulpharma, ул. Г.С. Раковски 151 , София, 23.32521, 42.69133,  - Работи с НЗОК и предлага инсулини и скъпоструващи лекарства <br /> - Кликни на sulpharma.bg и Вземи от избрана аптека <br /> - Може да се използва клубна карта Sulpharma 
Sulpharma, бул. Цариградско шосе 7-11 Метро, София, 23.39393, 42.64722,  - Работи с НЗОК и предлага инсулини и скъпоструващи лекарства <br /> - Кликни на sulpharma.bg и Вземи от избрана аптека <br /> - Може да се използва клубна карта Sulpharma 
Sulpharma, ул. Александровска 147 , Бургас, 27.46889, 42.5024,  - Работи с НЗОК и предлага инсулини и скъпоструващи лекарства <br /> - Кликни на sulpharma.bg и Вземи от избрана аптека <br /> - Може да се използва клубна карта Sulpharma 
Sulpharma, ул. Краков 2Б Хипермаркет Кауфланд, Велико Търново, 25.61234, 43.07497,  - Работи с НЗОК и предлага инсулини и скъпоструващи лекарства <br /> - Кликни на sulpharma.bg и Вземи от избрана аптека <br /> - Може да се използва клубна карта Sulpharma 
Sulpharma, бул. Цар Освободител 35Б Хипермаркет Кауфланд, Ботевград, 23.80398, 42.91108,  - Работи с НЗОК и предлага инсулини и скъпоструващи лекарства <br /> - Кликни на sulpharma.bg и Вземи от избрана аптека <br /> - Може да се използва клубна карта Sulpharma 
Sulpharma, ул. Янко Комитов 8 Хипермаркет Кауфланд, Бургас, 27.45009, 42.51512,  - Работи с НЗОК и предлага инсулини и скъпоструващи лекарства <br /> - Кликни на sulpharma.bg и Вземи от избрана аптека <br /> - Може да се използва клубна карта Sulpharma 
Sulpharma, ул. Николай Коперник 9 ДКЦ 22, София, 23.36003, 42.67795,  - Работи с НЗОК и предлага инсулини и скъпоструващи лекарства <br /> - Кликни на sulpharma.bg и Вземи от избрана аптека <br /> - Може да се използва клубна карта Sulpharma 
Sulpharma, ул. Стамо Пулев 2 Хипермаркет Кауфланд, Стара Загора, 25.62034, 42.41571,  - Работи с НЗОК и предлага инсулини и скъпоструващи лекарства <br /> - Кликни на sulpharma.bg и Вземи от избрана аптека <br /> - Може да се използва клубна карта Sulpharma 
Sulpharma, ж.к. Люлин 3 бул. Захари Стоянов 15 , София, 23.2492, 42.7175,  - Работи с НЗОК и предлага инсулини и скъпоструващи лекарства <br /> - Кликни на sulpharma.bg и Вземи от избрана аптека <br /> - Може да се използва клубна карта Sulpharma 
Sulpharma, бул. Липник 8 Хипермаркет Кауфланд, Русе, 25.96608, 43.84553,  - Работи с НЗОК и предлага инсулини и скъпоструващи лекарства <br /> - Кликни на sulpharma.bg и Вземи от избрана аптека <br /> - Може да се използва клубна карта Sulpharma 
Sulpharma, кв. Възраждане бул. Република 60 Хипермаркет Кауфланд, Варна, 27.88165, 43.2353,  - Работи с НЗОК и предлага инсулини и скъпоструващи лекарства <br /> - Кликни на sulpharma.bg и Вземи от избрана аптека <br /> - Може да се използва клубна карта Sulpharma 
Sulpharma, ул. Околовръстен път 214 Ring Mall, София, 23.35246, 42.62476,  - Работи с НЗОК и предлага инсулини и скъпоструващи лекарства <br /> - Кликни на sulpharma.bg и Вземи от избрана аптека <br /> - Може да се използва клубна карта Sulpharma 
Sulpharma, ул. Данаил Попов 16 , Плевен, 24.61622, 43.41419,  - Работи с НЗОК и предлага инсулини и скъпоструващи лекарства <br /> - Кликни на sulpharma.bg и Вземи от избрана аптека <br /> - Може да се използва клубна карта Sulpharma 
Sulpharma, ул. Дунав 55 Хипермаркет Кауфланд, Добрич, 27.83965, 43.56664,  - Работи с НЗОК и предлага инсулини и скъпоструващи лекарства <br /> - Кликни на sulpharma.bg и Вземи от избрана аптека <br /> - Може да се използва клубна карта Sulpharma 
Sulpharma, бул. Цар Симеон Велики 117 , Стара Загора, 25.62883, 42.4448,  - Работи с НЗОК и предлага инсулини и скъпоструващи лекарства <br /> - Кликни на sulpharma.bg и Вземи от избрана аптека <br /> - Може да се използва клубна карта Sulpharma 
Sulpharma, бул. Цар Освободител 3 , Сливен, 26.31756, 42.68091,  - Работи с НЗОК и предлага инсулини и скъпоструващи лекарства <br /> - Кликни на sulpharma.bg и Вземи от избрана аптека <br /> - Може да се използва клубна карта Sulpharma 
Sulpharma, ул. Димитър Петков 3 ДКЦ 1, Добрич, 27.83138, 43.57101,  - Работи с НЗОК и предлага инсулини и скъпоструващи лекарства <br /> - Кликни на sulpharma.bg и Вземи от избрана аптека <br /> - Може да се използва клубна карта Sulpharma 
Sulpharma, жк. Дружба ул. Илия Бешков 1 ДКЦ 28, София, 23.40588, 42.66524,  - Работи с НЗОК и предлага инсулини и скъпоструващи лекарства <br /> - Кликни на sulpharma.bg и Вземи от избрана аптека <br /> - Може да се използва клубна карта Sulpharma 
Sulpharma, кв. Владиславово бул. 3-ти март 77 Хипермаркет Кауфланд, Варна, 27.85023, 43.24176,  - Работи с НЗОК и предлага инсулини и скъпоструващи лекарства <br /> - Кликни на sulpharma.bg и Вземи от избрана аптека <br /> - Може да се използва клубна карта Sulpharma 
Sulpharma, ул. Твърдишки проход 27 , София, 23.2956, 42.67208,  - Работи с НЗОК и предлага инсулини и скъпоструващи лекарства <br /> - Кликни на sulpharma.bg и Вземи от избрана аптека <br /> - Може да се използва клубна карта Sulpharma 
Sulpharma, ул. Мария Луиза 49 , София, 23.32266, 42.70181,  - Работи с НЗОК и предлага инсулини и скъпоструващи лекарства <br /> - Кликни на sulpharma.bg и Вземи от избрана аптека <br /> - Може да се използва клубна карта Sulpharma 
Sulpharma, ул. Славянска 60 МЦ 1, Благоевград, 23.09002, 42.02352,  - Работи с НЗОК и предлага инсулини и скъпоструващи лекарства <br /> - Кликни на sulpharma.bg и Вземи от избрана аптека <br /> - Може да се използва клубна карта Sulpharma 
Sulpharma, ул. Стоян Михайловски 3 , Елена, 25.88025, 42.92942,  - Работи с НЗОК и предлага инсулини и скъпоструващи лекарства <br /> - Кликни на sulpharma.bg и Вземи от избрана аптека <br /> - Може да се използва клубна карта Sulpharma 
Sulpharma, ул. Девня 24 Хипермаркет Кауфланд, Варна, 27.90146, 43.20193,  - Работи с НЗОК и предлага инсулини и скъпоструващи лекарства <br /> - Кликни на sulpharma.bg и Вземи от избрана аптека <br /> - Може да се използва клубна карта Sulpharma 
Sulpharma, ул. Иван Вазов 2 Хипермаркет Кауфланд, Стара Загора, 25.63908, 42.4326,  - Работи с НЗОК и предлага инсулини и скъпоструващи лекарства <br /> - Кликни на sulpharma.bg и Вземи от избрана аптека <br /> - Може да се използва клубна карта Sulpharma 
Sulpharma, бул. Александър Стамболийски 196 Lidl, София, 23.28458, 42.70261,  - Работи с НЗОК и предлага инсулини и скъпоструващи лекарства <br /> - Кликни на sulpharma.bg и Вземи от избрана аптека <br /> - Може да се използва клубна карта Sulpharma 
Sulpharma, кв. Борово ул. Стефан Тошев 15 ДКЦ 20, София, 23.28358, 42.67248,  - Работи с НЗОК и предлага инсулини и скъпоструващи лекарства <br /> - Кликни на sulpharma.bg и Вземи от избрана аптека <br /> - Може да се използва клубна карта Sulpharma 
Sulpharma, ул. Илинден 3 павилион 6, Варна, 27.91641, 43.21469,  - Работи с НЗОК и предлага инсулини и скъпоструващи лекарства <br /> - Кликни на sulpharma.bg и Вземи от избрана аптека <br /> - Може да се използва клубна карта Sulpharma 
Sulpharma, ул. Цар Освободител 137 , Кюстендил, 22.69392, 42.2804,  - Работи с НЗОК и предлага инсулини и скъпоструващи лекарства <br /> - Кликни на sulpharma.bg и Вземи от избрана аптека <br /> - Може да се използва клубна карта Sulpharma 
Sulpharma, бул. 2-ри юни 64 , Враца, 23.55911, 43.19868,  - Работи с НЗОК и предлага инсулини и скъпоструващи лекарства <br /> - Кликни на sulpharma.bg и Вземи от избрана аптека <br /> - Може да се използва клубна карта Sulpharma 
Sulpharma, кв. Боян Българанов ул. Бели Лом 1 Хипермаркет Кауфланд, Шумен, 26.91415, 43.27846,  - Работи с НЗОК и предлага инсулини и скъпоструващи лекарства <br /> - Кликни на sulpharma.bg и Вземи от избрана аптека <br /> - Може да се използва клубна карта Sulpharma 
Sulpharma, бул. Мадрид 13 , София, 23.34871, 42.69649,  - Работи с НЗОК и предлага инсулини и скъпоструващи лекарства <br /> - Кликни на sulpharma.bg и Вземи от избрана аптека <br /> - Може да се използва клубна карта Sulpharma 
Sulpharma, ул. Мано Тодоров 7А Хипермаркет Кауфланд, Горна Оряховица, 25.68352, 43.12288,  - Работи с НЗОК и предлага инсулини и скъпоструващи лекарства <br /> - Кликни на sulpharma.bg и Вземи от избрана аптека <br /> - Може да се използва клубна карта Sulpharma 
Sulpharma, бул. А. Стамболийски 101 Mall София, София, 23.30924, 42.69851,  - Работи с НЗОК и предлага инсулини и скъпоструващи лекарства <br /> - Кликни на sulpharma.bg и Вземи от избрана аптека <br /> - Може да се използва клубна карта Sulpharma 
Sulpharma, ул. 3-ти март 41 , Монтана, 23.22448, 43.40626,  - Работи с НЗОК и предлага инсулини и скъпоструващи лекарства <br /> - Кликни на sulpharma.bg и Вземи от избрана аптека <br /> - Може да се използва клубна карта Sulpharma 
Sulpharma, Люлин 6 бул. Джавахарлал Неру 26 Супермаркет Фантастико, София, 23.25507, 42.71478,  - Работи с НЗОК и предлага инсулини и скъпоструващи лекарства <br /> - Кликни на sulpharma.bg и Вземи от избрана аптека <br /> - Може да се използва клубна карта Sulpharma 
Sulpharma, кв. Аспарухово ул. Народни будители 5 , Варна, 27.89616, 43.18101,  - Работи с НЗОК и предлага инсулини и скъпоструващи лекарства <br /> - Кликни на sulpharma.bg и Вземи от избрана аптека <br /> - Може да се използва клубна карта Sulpharma 
Sulpharma, ул. Д-р Сарафов 7 ДКЦ 14, София, 23.31168, 42.67888,  - Работи с НЗОК и предлага инсулини и скъпоструващи лекарства <br /> - Кликни на sulpharma.bg и Вземи от избрана аптека <br /> - Може да се използва клубна карта Sulpharma 
Sulpharma, жк. Младост 1 ул. Димитър Моллов 22 Окръжна Болница, София, 23.37343, 42.66121,  - Работи с НЗОК и предлага инсулини и скъпоструващи лекарства <br /> - Кликни на sulpharma.bg и Вземи от избрана аптека <br /> - Може да се използва клубна карта Sulpharma 
Sulpharma, бул. Славянски 5 , Шумен, 26.93505, 43.27098,  - Работи с НЗОК и предлага инсулини и скъпоструващи лекарства <br /> - Кликни на sulpharma.bg и Вземи от избрана аптека <br /> - Може да се използва клубна карта Sulpharma 
Sulpharma, жк. Гео Милев ул. Коста Лулчев 4А , София, 23.35982, 42.67595,  - Работи с НЗОК и предлага инсулини и скъпоструващи лекарства <br /> - Кликни на sulpharma.bg и Вземи от избрана аптека <br /> - Може да се използва клубна карта Sulpharma 
Sulpharma Кауфланд Монтана, бул. 3 Март 139А , Монтана, 23.227051, 43.42166,  - Работи с НЗОК и предлага инсулини и скъпоструващи лекарства <br /> - Кликни на sulpharma.bg и Вземи от избрана аптека <br /> - Може да се използва клубна карта Sulpharma 
Sulpharma, ул. Бяло море 14 , Гоце Делчев, 23.72872, 41.571394,  - Работи с НЗОК и предлага инсулини и скъпоструващи лекарства <br /> - Кликни на sulpharma.bg и Вземи от избрана аптека <br /> - Може да се използва клубна карта Sulpharma 